Aberdeen,South Dakota,45.4646985,-98.4864829,0,0,0,0,0,0,0,0,0,0,0,0,0,0,0,0,0,0,0,0,0,0,0,0,0,0,0,0,0,0,0,10,0,0,0,0,0,0,0,0,0,0,0,0,0,0,0,0,0,0,0,0,0,10
Akron,Ohio,41.0814447,-81.5190053,0,0,0,0,0,3,0,0,3,0,0,0,0,0,0,5,0,0,0,2,0,0,0,0,0,0,0,0,3,2,0,10,5,0,3,2,0,0,0,0,0,0,3,0,0,3,5,2,0,0,3,0,0,48
Albany,New York,42.6525793,-73.7562317,3,0,3,3,0,3,3,0,3,12,0,0,0,12,0,5,4,2,2,2,0,0,0,2,7,0,3,0,3,2,8,10,5,2,3,2,0,0,0,3,0,0,3,0,0,3,5,2,3,0,3,27,0,99
Albuquerque,New Mexico,35.110703,-106.609991,3,0,0,3,0,0,3,0,0,0,0,0,0,0,0,5,4,2,2,0,0,0,0,0,7,0,3,0,3,2,0,10,3,1,3,2,0,3,0,0,3,0,0,3,0,0,0,0,0,0,0,21,0,62
Alexandria,Virginia,38.8048355,-77.0469214,0,0,3,0,0,3,0,0,3,0,0,0,0,0,2,5,0,0,0,2,0,0,0,2,7,5,0,0,3,2,8,10,5,3,3,2,2,0,0,0,0,0,0,0,0,0,0,0,0,0,0,0,0,70
Allentown,Pennsylvania,40.6084305,-75.4901833,0,0,3,0,0,3,0,0,3,0,0,0,0,0,0,5,4,2,2,0,0,0,0,0,7,0,0,0,0,2,0,0,5,3,0,2,0,0,0,3,0,0,3,0,0,3,0,0,0,0,0,0,0,50
Amarillo,Texas,35.2219971,-101.8312969,0,0,0,0,0,0,0,0,0,0,0,0,0,0,0,0,0,0,0,0,0,0,0,0,0,0,0,0,3,0,0,0,0,0,0,0,0,0,0,0,0,0,0,0,0,0,0,0,0,0,3,0,0,16
Amherst,Massachusetts,42.366667,-72.516667,3,0,0,3,0,0,3,0,0,12,0,0,0,12,0,0,0,0,0,0,0,0,0,0,7,0,0,0,3,0,0,10,2,0,0,0,0,3,0,0,3,0,0,3,0,0,0,0,0,0,0,30,0,49
Anaheim,California,33.8352932,-117.9145036,3,0,0,3,0,0,3,0,0,12,0,12,0,0,0,5,4,2,2,0,0,0,0,2,0,0,3,0,0,0,0,10,0,0,0,2,0,3,0,0,3,0,0,3,0,0,0,0,3,0,0,48,0,63
Anchorage,Alaska,61.2180556,-149.9002778,0,0,0,0,0,0,0,0,0,0,0,0,0,0,0,0,4,2,0,0,0,0,0,0,7,0,0,0,3,0,0,0,4,1,0,0,0,0,0,0,0,0,0,0,0,0,0,0,0,0,0,0,0,21
Ann Arbor,Michigan,42.2808256,-83.7430378,0,0,3,0,0,3,0,0,3,0,0,0,0,12,0,5,4,0,2,2,0,0,4,0,7,0,0,0,0,2,0,10,5,3,3,2,2,0,0,3,0,0,3,0,0,3,5,2,0,0,0,0,0,88
Annapolis,Maryland,38.9784453,-76.4921829,3,0,0,3,0,3,3,0,3,12,0,0,0,0,0,5,4,2,2,0,0,0,0,2,7,0,3,3,0,2,0,0,4,2,3,0,0,0,0,0,0,0,0,0,0,0,0,0,3,0,0,27,3,70
Arlington,Texas,32.735687,-97.1080656,0,0,0,0,0,0,0,0,0,0,0,0,0,0,0,0,0,0,0,0,0,0,0,0,0,0,0,0,0,0,0,10,1,0,0,0,0,0,0,0,0,0,0,0,0,0,0,0,0,0,0,0,0,11
Arlington County,Virginia,38.8816208,-77.0909809,0,0,3,0,0,3,0,0,3,0,0,0,0,0,0,5,0,0,0,2,0,0,0,2,7,5,0,3,0,2,8,10,5,3,3,2,2,0,0,0,0,0,0,0,0,0,5,0,0,3,0,0,6,76
Asbury Park,New Jersey,40.2203907,-74.0120817,3,0,0,3,0,0,3,0,0,0,12,0,0,0,0,0,4,0,0,2,0,0,0,0,0,0,3,0,0,0,0,10,0,0,3,2,0,3,0,0,3,0,0,3,0,0,0,2,3,0,0,36,0,59
Athens,Georgia,33.95,-83.3833333,0,0,0,0,0,0,0,0,0,0,0,0,0,12,0,5,2,1,0,0,0,0,0,0,0,0,0,3,0,0,0,0,3,0,0,0,0,0,0,0,0,0,0,0,0,0,5,0,0,3,0,0,6,44
Atlanta,Georgia,33.7489954,-84.3879824,0,0,3,0,0,3,0,0,3,0,0,0,0,12,0,5,4,0,0,2,4,0,0,0,7,5,0,0,3,0,8,10,5,3,3,2,0,0,0,3,0,0,3,0,0,3,5,2,0,0,3,0,0,100
Augusta,Maine,44.3106241,-69.7794897,3,0,0,3,0,0,3,0,0,12,0,0,0,0,0,5,4,2,2,0,0,0,0,0,0,0,3,0,3,0,0,10,0,0,3,0,0,3,0,0,3,0,0,3,0,0,5,0,3,0,0,36,0,67
Augusta-Richmond,Georgia,33.4734978,-82.0105148,0,0,0,0,0,0,0,0,0,0,0,0,0,0,0,0,0,0,0,0,0,0,0,0,7,0,0,0,0,0,0,0,3,0,0,2,0,0,0,0,0,0,0,0,0,0,0,0,0,0,0,0,0,12
Aurora,Colorado,39.7294319,-104.8319195,3,0,0,3,0,0,3,0,0,0,12,0,0,0,0,5,4,2,2,0,0,0,0,0,7,0,3,0,3,0,0,10,0,0,0,0,0,3,0,0,3,0,0,3,0,0,0,0,3,0,3,36,0,66
Aurora,Illinois,41.7605849,-88.3200715,3,0,1,3,0,0,3,0,0,0,12,0,0,0,0,5,4,2,2,0,0,0,0,0,7,0,3,0,3,0,0,10,0,0,0,0,0,3,0,0,3,0,0,3,0,0,0,0,3,0,0,36,0,66
Austin,Texas,30.267153,-97.7430608,0,0,3,0,0,3,0,0,3,0,0,0,12,12,0,5,4,2,2,2,0,0,0,2,7,5,0,0,3,2,4,10,5,3,3,2,2,0,0,3,0,0,3,0,0,3,5,2,0,0,0,0,12,100
Avondale Estates,Georgia,33.7714939,-84.2671444,0,0,0,0,0,0,0,0,0,0,0,0,0,12,0,5,0,0,0,0,0,0,0,2,0,5,0,3,3,0,8,0,5,3,3,2,0,0,0,0,0,0,0,0,0,0,5,0,0,3,3,0,6,56
Bakersfield,California,35.3732921,-119.0187125,3,0,0,3,0,0,3,0,0,12,0,12,0,0,0,0,4,2,0,0,0,0,0,0,7,0,3,0,3,0,0,10,0,0,0,0,0,3,0,0,3,0,0,3,0,0,0,0,3,0,0,48,0,59
Baltimore,Maryland,39.2903848,-76.6121893,3,3,3,3,3,3,3,3,3,12,0,0,0,0,0,5,4,2,2,0,0,0,0,2,7,5,3,0,3,2,8,10,5,3,3,2,0,0,3,3,0,3,3,0,3,3,5,0,3,0,3,27,18,100
Bangor,Maine,44.8011821,-68.7778138,3,0,3,3,0,3,3,0,3,12,0,0,0,0,0,5,0,0,0,0,0,0,0,0,0,0,3,0,0,0,0,0,5,2,0,0,0,3,0,0,3,0,0,3,0,0,0,0,3,0,0,36,0,48
Baton Rouge,Louisiana,30.4582829,-91.1403196,0,0,0,0,0,0,0,0,0,0,0,0,0,0,0,5,0,0,0,0,0,0,0,0,0,0,0,0,0,2,0,0,0,0,0,0,0,0,0,0,0,0,0,0,0,0,0,0,0,0,0,0,0,7
Bellevue,Nebraska,41.1586111,-95.9341667,0,0,0,0,0,0,0,0,0,0,0,0,0,0,0,0,0,0,0,0,0,0,0,0,0,0,0,0,3,0,0,0,0,0,0,0,0,0,0,0,0,0,0,0,0,0,0,0,0,0,3,0,0,6
Berkeley,California,37.8715926,-122.272747,3,0,3,3,0,3,3,0,3,12,0,12,0,12,0,5,4,2,2,2,4,0,4,2,7,0,3,0,3,2,0,10,5,3,3,2,0,3,0,0,3,0,0,3,0,0,0,2,3,0,3,48,0,95
Billings,Montana,45.7832856,-108.5006904,0,0,0,0,0,0,0,0,0,0,0,0,0,0,0,0,0,0,0,0,0,0,0,2,7,0,0,0,0,0,0,10,2,0,0,0,0,0,0,0,0,0,0,0,0,0,0,0,0,0,0,0,0,21
Birmingham,Alabama,33.5206608,-86.80249,0,0,0,0,0,0,0,0,0,0,0,0,0,0,0,0,0,0,0,0,0,0,0,0,0,0,0,0,3,0,0,0,2,1,0,0,0,0,0,0,0,0,0,0,0,0,0,0,0,0,3,0,0,9
Bismarck,North Dakota,46.8083268,-100.7837392,0,0,0,0,0,0,0,0,0,0,0,0,0,0,0,0,0,0,0,0,0,0,0,0,7,0,0,0,0,0,0,10,0,0,0,0,0,0,0,0,0,0,0,0,0,0,0,0,0,0,0,0,0,17
Bloomington,Indiana,39.165325,-86.5263857,0,0,3,0,0,3,0,0,3,0,0,0,0,12,2,5,4,2,0,0,0,0,0,0,7,0,0,0,3,0,0,10,5,2,0,0,0,0,0,3,0,0,3,0,0,3,0,0,0,0,0,0,0,70
Boise,Idaho,43.6187102,-116.2146068,0,0,3,0,0,3,0,0,3,0,0,0,0,0,0,5,0,0,0,0,0,0,0,0,0,0,0,0,0,0,8,10,5,3,0,2,0,0,0,3,0,0,3,0,0,3,5,0,0,0,0,0,0,56
Boston,Massachusetts,42.3584308,-71.0597732,3,0,3,3,0,3,3,0,3,12,0,0,0,0,0,5,4,2,0,2,4,0,0,2,7,5,0,0,0,2,8,10,5,3,3,2,0,3,0,3,3,0,3,3,0,3,5,2,0,0,0,30,0,100
Boulder,Colorado,40.0149856,-105.2705456,3,0,3,3,0,3,3,0,3,0,12,0,0,12,0,5,4,2,2,2,0,0,0,2,7,0,3,0,0,2,4,10,2,0,0,2,0,3,0,3,3,0,3,3,0,3,5,2,3,0,0,36,0,87
Bowling Green,Kentucky,36.9903199,-86.4436018,0,0,0,0,0,0,0,0,0,0,0,0,0,0,0,0,0,0,0,0,0,0,0,0,7,0,0,0,0,0,0,10,0,0,0,0,0,0,0,0,0,0,0,0,0,0,0,0,0,0,0,0,0,17
Bridgeport,Connecticut,41.1865478,-73.1951767,3,0,0,3,0,0,3,0,0,12,0,0,0,0,0,0,4,2,0,0,0,0,0,0,7,0,3,0,3,0,0,10,2,0,0,0,0,3,0,0,3,0,0,3,0,0,0,0,3,0,3,36,0,61
Brisbane,California,37.6807661,-122.3999715,3,0,0,3,0,0,3,0,0,12,0,12,0,0,0,5,4,2,2,0,0,0,0,2,0,0,3,0,0,0,0,10,0,0,0,0,0,3,0,0,3,0,0,3,0,0,0,0,3,0,0,48,0,61
Brookings,South Dakota,44.3113573,-96.7983877,0,0,0,0,0,0,0,0,0,0,0,0,0,0,0,5,4,0,2,0,0,0,0,0,7,0,0,0,3,0,0,0,3,2,3,2,0,0,0,0,0,0,0,0,0,0,0,0,0,0,3,0,0,34
Brownsville,Texas,25.9017472,-97.4974838,0,0,3,0,0,3,0,0,3,0,0,0,0,0,0,5,0,0,0,0,0,0,0,0,0,0,0,0,3,0,0,0,3,1,0,0,0,0,0,3,0,0,3,0,0,3,5,0,0,0,3,0,0,38
Buffalo,New York,42.8864468,-78.8783689,3,0,3,3,0,3,3,0,3,12,0,0,0,12,0,0,4,0,0,0,0,0,0,0,0,0,3,0,0,2,0,10,0,0,0,0,0,0,0,3,0,0,3,0,0,3,0,0,3,0,0,27,0,52
Burlington,Vermont,44.4758825,-73.212072,3,0,0,3,0,3,3,0,3,12,0,0,0,0,0,5,4,2,0,0,0,0,0,2,0,0,3,0,3,0,0,10,4,0,3,2,0,3,0,0,3,0,0,3,0,0,5,0,3,0,3,36,0,73
Cambridge,Massachusetts,42.3736158,-71.1097335,3,0,3,3,0,3,3,0,3,12,0,0,0,12,0,5,4,2,0,2,0,3,0,2,7,5,0,0,3,2,8,10,5,3,0,2,0,3,0,3,3,0,3,3,0,3,5,2,0,0,0,30,0,100
Cape Coral,Florida,26.5628537,-81.9495331,0,0,0,0,0,0,0,0,0,0,0,0,0,0,0,0,0,0,0,0,0,0,0,0,0,0,0,0,0,0,0,10,0,0,0,0,0,0,0,0,0,0,0,0,0,0,0,0,0,0,0,0,0,10
Carson City,Nevada,39.1637984,-119.7674034,3,0,0,3,0,0,3,0,0,0,0,12,0,0,0,5,4,2,0,0,0,0,0,0,7,0,0,0,0,2,0,0,0,0,0,0,0,3,0,0,3,0,0,3,0,0,5,0,0,0,0,30,0,55
Casper,Wyoming,42.866632,-106.313081,0,0,0,0,0,0,0,0,0,0,0,0,0,0,0,0,0,0,0,0,0,0,0,0,0,0,0,0,0,0,0,10,0,0,0,0,0,0,0,0,0,0,0,0,0,0,0,0,0,0,0,0,0,10
Cathedral City,California,33.7797426,-116.4652911,3,0,3,3,0,3,3,0,3,12,0,12,0,12,0,5,4,2,2,2,0,0,4,0,0,5,3,3,0,2,4,10,5,1,3,2,0,3,0,0,3,0,0,3,0,0,5,0,3,3,0,48,6,92
Cedar Rapids,Iowa,41.9778795,-91.6656232,3,0,3,3,0,3,3,0,3,12,0,0,0,0,0,5,0,0,0,0,0,0,0,0,7,0,3,0,0,0,0,10,0,0,0,0,0,3,0,3,3,0,3,3,0,3,5,0,3,0,0,36,0,63
Champaign,Illinois,40.1164204,-88.2433829,3,0,3,3,0,3,3,0,3,0,12,0,12,0,0,5,4,2,2,0,0,0,0,0,7,0,3,0,3,0,0,10,3,0,0,0,0,3,0,0,3,0,0,3,0,0,5,0,3,0,0,36,12,74
Chandler,Arizona,33.3061605,-111.8412502,0,0,0,0,0,0,0,0,0,0,0,0,0,0,0,0,0,0,0,0,0,0,0,2,7,0,0,0,3,0,0,10,0,0,0,0,0,0,0,0,0,0,0,0,0,0,0,0,0,0,0,0,0,22
Charleston,South Carolina,32.7765656,-79.9309216,0,0,0,0,0,3,0,0,3,0,0,0,0,0,0,5,0,0,0,0,0,0,0,2,0,5,0,3,0,0,0,10,3,1,3,2,0,0,0,0,0,0,3,0,0,3,5,0,0,3,0,0,6,54
Charleston,West Virginia,38.3498195,-81.6326234,0,0,3,0,0,3,0,0,3,0,0,0,0,0,0,5,0,0,0,2,0,0,0,2,7,0,0,3,0,0,0,10,2,3,0,0,2,0,0,3,0,0,3,0,0,3,5,2,0,3,0,0,6,64
Charlotte,North Carolina,35.2270869,-80.8431267,0,0,0,0,0,0,0,0,0,0,0,0,0,0,0,5,4,2,0,0,0,0,0,0,7,0,3,0,0,2,0,10,4,1,3,2,0,0,0,0,0,0,0,0,0,0,5,0,3,0,0,6,0,51
Chattanooga,Tennessee,35.0456297,-85.3096801,0,0,0,0,0,0,0,0,0,0,0,0,0,0,0,0,0,0,0,0,0,0,0,2,0,0,0,0,0,0,0,10,0,0,3,0,0,0,0,0,0,0,0,0,0,0,0,0,0,0,0,0,0,15
Chesapeake,Virginia,36.7682088,-76.2874927,0,0,0,0,0,0,0,0,0,0,0,0,0,0,0,5,0,0,0,0,0,0,0,0,0,0,0,0,0,0,0,10,0,0,0,0,0,0,0,0,0,0,0,0,0,0,0,0,0,0,0,0,0,15
Cheyenne,Wyoming,41.1399814,-104.8202462,0,0,0,0,0,0,0,0,0,0,0,0,0,0,0,0,0,0,0,0,0,0,0,2,0,0,0,0,0,2,0,10,0,0,0,0,0,0,0,0,0,0,0,0,0,0,0,0,0,0,0,0,0,14
Chicago,Illinois,41.8781136,-87.6297982,3,3,3,3,3,3,3,3,3,0,12,0,0,0,0,5,4,2,0,2,0,0,0,2,7,5,3,0,3,2,8,10,5,3,3,2,0,3,3,3,3,3,3,3,3,3,5,2,3,0,3,36,18,100
Chula Vista,California,32.6400541,-117.0841955,3,0,0,3,0,0,3,0,0,12,0,12,0,0,0,5,4,2,0,0,0,0,0,2,0,0,3,0,0,0,0,10,2,0,0,0,0,3,0,0,3,0,0,3,0,0,5,0,3,0,0,48,0,66
Cincinnati,Ohio,39.1031182,-84.5120196,0,0,3,0,0,3,0,0,3,0,0,0,0,0,0,5,4,2,0,2,0,0,0,2,7,5,0,0,3,2,8,10,5,3,3,2,2,0,0,3,0,0,3,0,0,3,5,2,0,0,0,0,0,90
Cleveland,Ohio,41.4994954,-81.6954088,0,0,3,0,0,3,0,0,3,0,0,0,0,12,0,5,4,2,0,2,4,0,0,0,7,0,0,0,0,2,0,10,5,3,0,2,0,0,0,3,0,0,3,0,0,3,5,2,0,0,0,0,0,83
College Park,Maryland,38.9896967,-76.93776,3,0,0,3,0,0,3,0,0,12,0,0,0,0,0,5,4,2,0,0,0,0,0,2,0,0,3,0,3,0,0,0,5,2,3,2,0,0,0,0,0,0,0,0,0,0,0,0,3,0,3,27,0,62
Colorado Springs,Colorado,38.8338816,-104.8213634,3,0,0,3,0,0,3,0,0,0,12,0,0,0,0,5,0,0,0,0,0,0,0,0,7,0,3,0,0,2,0,10,0,0,0,0,0,3,0,0,3,0,0,3,0,0,0,0,3,0,0,36,0,60
Columbia,Missouri,38.9517053,-92.3340724,0,0,3,0,0,3,0,0,3,0,0,0,0,12,0,5,4,2,2,0,0,0,0,2,7,0,0,0,0,2,0,10,2,3,0,0,0,0,0,3,0,0,3,0,0,3,5,0,0,0,0,0,0,74
Columbia,South Carolina,34.0007104,-81.0348144,0,0,0,0,3,3,0,3,3,0,0,0,0,0,0,5,0,0,0,0,0,0,0,2,0,5,0,0,0,2,8,10,5,2,3,2,0,0,0,0,0,3,3,0,3,3,5,0,0,0,0,0,12,61
Columbus,Georgia,32.4609764,-84.9877094,0,0,0,0,0,0,0,0,0,0,0,0,0,0,0,5,0,0,0,0,0,0,0,0,0,0,0,0,0,0,0,10,0,0,0,0,0,0,0,0,0,0,0,0,0,0,5,0,0,0,0,0,0,20
Columbus,Ohio,39.9611755,-82.9987942,0,0,3,0,0,3,0,0,3,0,0,0,0,12,0,5,4,2,2,2,0,0,0,2,7,5,0,0,3,2,4,10,5,3,3,2,0,0,0,3,0,0,3,0,0,3,5,2,0,0,3,0,0,100
Concord,California,37.9779776,-122.0310733,3,0,0,3,0,0,3,0,0,12,0,12,0,0,0,0,4,2,2,0,0,0,0,2,7,0,3,0,0,2,0,10,0,0,3,0,0,3,0,0,3,0,0,3,0,0,0,0,3,0,0,48,0,68
Concord,New Hampshire,43.2081366,-71.5375718,3,0,0,3,0,0,3,0,0,12,0,0,0,0,0,5,4,2,0,0,0,0,0,2,0,0,3,0,0,0,0,10,0,0,0,0,0,0,0,0,0,0,0,0,0,0,5,0,3,0,0,27,0,55
Corpus Christi,Texas,27.8005828,-97.396381,0,0,0,0,0,0,0,0,0,0,0,0,0,0,0,0,0,0,0,0,0,0,0,0,7,0,0,0,0,2,0,10,0,0,0,0,0,0,0,0,0,0,0,0,0,0,0,0,0,0,0,0,0,19
Cranston,Rhode Island,41.7798226,-71.4372796,3,0,0,3,0,0,3,0,0,12,0,0,0,0,0,5,4,0,2,2,4,0,0,0,0,0,0,0,3,0,0,10,0,0,0,0,0,3,0,0,3,0,0,3,0,0,5,2,0,0,0,30,0,67
Dallas,Texas,32.7801399,-96.8004511,0,3,3,0,0,3,0,0,3,0,0,0,0,0,0,5,4,2,0,2,4,0,0,2,0,5,0,0,3,2,8,10,3,2,3,2,0,0,3,3,0,0,3,0,0,3,5,2,0,0,3,0,6,85
Davenport,Iowa,41.5236437,-90.5776367,3,0,3,3,0,3,3,0,3,12,0,0,0,0,0,5,4,2,2,2,0,0,0,0,7,5,3,0,3,0,0,10,5,0,3,2,0,3,0,3,3,0,3,3,0,3,5,2,3,0,3,36,0,90
Decatur,Georgia,33.7748275,-84.2963123,0,0,0,0,0,0,0,0,0,0,0,0,0,0,0,5,4,0,0,0,0,0,0,0,0,0,0,0,3,0,0,0,2,0,3,2,0,0,0,0,0,0,0,0,0,0,5,0,0,0,3,0,0,27
Denver,Colorado,39.737567,-104.9847179,3,0,3,3,0,3,3,0,3,0,12,0,0,12,0,5,4,2,0,0,0,0,0,2,7,5,3,0,0,2,8,10,5,3,3,2,0,3,0,3,3,0,3,3,0,3,5,0,3,0,0,36,0,99
Des Moines,Iowa,41.6005448,-93.6091064,3,0,3,3,0,3,3,0,3,12,0,0,0,0,0,5,4,2,2,0,0,0,0,2,7,0,3,0,3,0,8,10,4,3,3,2,0,3,0,3,3,0,3,3,0,3,0,0,3,0,3,36,0,88
Detroit,Michigan,42.331427,-83.0457538,0,0,3,0,0,3,0,0,3,0,0,0,0,0,2,5,0,0,0,2,0,0,0,0,7,0,0,0,3,2,0,10,5,3,3,0,2,0,0,3,0,0,3,0,0,3,5,2,0,0,3,0,0,72
Dover,Delaware,39.158168,-75.5243682,3,0,0,3,0,0,3,0,0,12,0,0,0,0,0,5,0,0,0,0,0,0,0,0,7,0,0,0,3,2,0,10,0,0,0,0,0,3,0,0,3,0,0,3,0,0,0,0,0,0,0,30,0,57
Durham,New Hampshire,43.1339545,-70.9264393,3,0,0,3,0,0,3,0,0,12,0,0,0,0,0,5,4,2,2,0,0,0,4,0,7,0,3,0,3,2,0,10,3,0,0,0,0,0,0,0,0,0,0,0,0,0,5,0,3,0,0,27,0,71
Durham,North Carolina,35.9940329,-78.898619,0,0,0,0,0,0,0,0,0,0,0,0,0,0,0,5,4,2,2,0,0,0,0,2,7,0,3,0,3,2,0,10,5,2,0,2,2,0,0,0,0,0,0,0,0,0,5,0,3,0,3,6,0,56
East Lansing,Michigan,42.7369792,-84.4838654,0,0,3,0,0,3,0,0,3,0,0,0,0,0,0,5,4,2,2,2,0,0,0,0,7,0,0,0,3,0,8,10,5,3,3,2,2,0,0,3,0,0,3,0,0,3,5,2,0,0,3,0,0,86
El Paso,Texas,31.7699559,-106.4968055,0,0,0,0,0,0,0,0,0,0,0,0,0,0,0,5,4,0,0,0,0,0,0,2,7,0,0,0,0,0,0,10,5,3,0,2,2,0,0,0,0,0,0,0,0,0,5,0,0,0,0,0,0,51
Eldorado at Santa Fe,New Mexico,35.5264241,-105.9347424,3,0,0,3,0,0,3,0,0,0,0,0,0,0,0,5,4,2,0,0,0,0,0,2,0,0,3,0,0,0,0,0,0,0,3,0,0,3,0,0,3,0,0,3,0,0,5,0,0,0,0,21,0,42
Enterprise (Clark County),Nevada,36.0252503,-115.2419419,3,0,0,3,0,0,3,0,0,0,0,12,0,0,0,5,4,2,2,2,0,0,0,2,0,0,0,3,0,2,8,10,5,1,0,2,2,3,0,0,3,0,0,3,0,0,5,2,0,3,0,30,6,90
Essex,Vermont,44.4905054,-73.1112433,3,0,0,3,0,0,3,0,0,12,0,0,0,0,0,0,4,2,2,0,0,0,0,0,0,0,3,0,3,0,0,10,0,0,0,0,0,3,0,0,3,0,0,3,0,0,0,0,3,0,3,36,0,54
Eugene,Oregon,44.0520691,-123.0867536,3,0,0,3,0,0,3,0,0,0,0,12,0,0,0,5,4,2,2,2,0,0,0,2,7,0,3,0,3,0,8,10,5,3,0,2,0,3,0,0,3,0,0,3,0,0,5,0,3,0,3,36,0,93
Evansville,Indiana,37.9715592,-87.5710898,0,0,0,0,0,3,0,0,3,0,0,0,0,0,0,5,0,0,0,2,4,0,0,0,7,0,0,0,0,0,0,0,3,2,0,0,0,0,0,0,0,0,3,0,0,3,5,2,0,0,0,0,0,39
Fairbanks,Alaska,64.8377778,-147.7163889,0,0,0,0,0,0,0,0,0,0,0,0,0,0,0,0,0,0,2,0,0,0,0,0,0,0,0,0,0,0,0,0,0,0,0,0,0,0,0,0,0,0,0,0,0,0,0,0,0,0,0,0,0,2
Fairfax County,Virginia,38.9085472,-77.2405153,0,0,0,0,0,0,0,0,0,0,0,0,0,0,0,0,0,0,0,0,0,0,0,2,7,0,0,3,0,2,8,10,3,0,0,0,2,0,0,0,0,0,0,0,0,0,0,0,0,3,0,0,6,40
Fargo,North Dakota,46.8771863,-96.7898034,0,0,0,0,0,0,0,0,0,0,0,0,0,0,0,5,0,0,0,0,0,0,0,0,7,0,0,0,3,2,8,10,5,2,3,2,2,0,0,0,0,0,0,0,0,0,0,0,0,0,0,0,0,49
Fayetteville,Arkansas,36.0625795,-94.1574263,0,0,0,0,0,0,0,0,0,0,0,0,0,0,0,5,4,2,0,0,0,0,0,0,0,5,0,0,3,0,4,10,3,0,0,2,0,0,0,0,0,0,0,0,0,0,5,0,0,0,3,0,0,46
Fayetteville,North Carolina,35.0526641,-78.8783585,0,0,0,0,0,0,0,0,0,0,0,0,0,0,0,0,0,0,0,0,0,0,0,0,7,0,3,0,0,0,0,10,0,0,0,0,0,0,0,0,0,0,0,0,0,0,0,0,3,0,0,6,0,23
Ferndale,Michigan,42.4605917,-83.1346478,0,0,3,0,0,3,0,0,3,0,0,0,0,0,0,5,0,0,2,0,0,0,0,0,0,0,0,0,3,0,0,10,1,1,3,2,0,0,0,3,0,0,3,0,0,3,0,0,0,0,0,0,0,45
Fontana,California,34.0922335,-117.435048,3,0,0,3,0,0,3,0,0,12,0,12,0,0,0,5,4,2,0,0,0,0,0,0,0,0,3,0,3,0,0,0,0,0,0,0,0,3,0,0,3,0,0,3,0,0,5,0,3,0,3,48,0,62
Fort Lauderdale,Florida,26.1223084,-80.1433786,0,3,0,0,3,0,0,3,0,0,0,0,12,0,0,5,4,0,0,0,4,0,0,0,0,0,0,3,0,2,8,10,3,0,3,2,0,0,3,0,0,3,0,0,3,0,0,0,0,3,0,0,36,77
Fort Smith,Arkansas,35.3859242,-94.3985475,0,0,0,0,0,0,0,0,0,0,0,0,0,0,0,0,0,0,0,0,0,0,0,0,0,0,0,0,0,0,0,10,0,0,0,0,0,0,0,0,0,0,0,0,0,0,0,0,0,0,0,0,0,16
Fort Wayne,Indiana,41.079273,-85.1393513,0,0,3,0,0,0,0,0,0,0,0,0,0,0,0,5,0,0,0,2,0,0,0,0,7,0,0,0,0,0,0,10,0,0,0,0,0,0,0,0,0,0,0,0,0,0,0,0,0,0,0,0,0,30
Fort Worth,Texas,32.725409,-97.3208496,0,0,3,0,0,3,0,0,3,0,0,0,0,0,0,5,4,2,2,2,0,0,0,2,7,5,0,0,3,0,8,10,3,3,3,2,2,0,0,3,0,0,3,0,0,3,5,2,0,0,3,0,0,91
Frankfort,Kentucky,38.2009055,-84.8732835,0,0,3,0,0,3,0,0,3,0,0,0,0,0,0,0,0,0,0,0,0,0,0,0,7,0,0,0,0,0,0,0,4,2,0,0,0,0,0,3,0,0,3,0,0,3,0,0,0,0,0,0,0,31
Frederick,Maryland,39.4142688,-77.4105409,3,0,0,3,0,3,3,0,3,12,0,0,0,0,0,5,4,2,2,0,0,0,0,0,0,0,3,0,3,2,0,10,0,0,0,0,0,0,0,0,0,0,0,0,0,0,0,0,3,0,3,27,0,52
Fremont,California,37.5482697,-121.9885719,3,0,0,3,0,0,3,0,0,12,0,12,0,0,0,5,4,2,2,2,0,0,0,2,7,0,3,0,3,2,4,10,0,0,3,2,0,3,0,0,3,0,0,3,0,0,5,0,3,0,3,48,0,86
Fresno,California,36.7468422,-119.7725868,3,0,0,3,0,0,3,0,0,12,0,12,0,0,0,5,4,2,2,0,0,0,0,0,7,0,3,0,3,2,0,10,2,0,0,0,0,3,0,0,3,0,0,3,0,0,0,0,3,0,0,48,0,70
Garden Grove,California,33.7739053,-117.9414477,3,0,0,3,0,0,3,0,0,12,0,12,0,0,0,5,4,2,2,0,0,0,4,0,0,0,3,0,0,0,0,10,0,0,0,0,0,3,0,0,3,0,0,3,0,0,0,0,3,0,0,48,0,63
Garland,Texas,32.912624,-96.6388833,0,0,0,0,0,0,0,0,0,0,0,0,0,0,0,0,0,0,0,0,0,0,0,0,7,0,0,0,0,0,0,10,0,0,0,0,0,0,0,0,0,0,0,0,0,0,0,0,0,0,0,0,0,17
Gilbert,Arizona,33.3528264,-111.789027,0,0,0,0,0,0,0,0,0,0,0,0,0,0,0,0,0,0,0,0,0,0,0,0,7,5,0,0,0,0,8,10,0,0,0,2,0,0,0,0,0,0,0,0,0,0,0,0,0,0,0,0,0,33
Glendale,Arizona,33.5386523,-112.1859866,0,0,0,0,0,0,0,0,0,0,0,0,0,0,0,0,0,0,0,0,0,0,0,0,0,0,0,0,3,0,0,10,0,0,0,0,0,0,0,0,0,0,0,0,0,0,0,0,0,0,0,0,0,13
Glendale,California,34.1425078,-118.255075,3,0,0,3,0,0,3,0,0,12,0,12,0,0,0,5,4,0,2,0,0,0,0,2,7,0,3,3,3,0,0,10,0,0,0,0,0,3,0,0,3,0,0,3,0,0,0,0,3,3,3,48,6,66
Grand Forks,North Dakota,47.9252568,-97.0328547,0,0,0,0,0,0,0,0,0,0,0,0,0,0,0,5,0,0,0,0,0,0,0,0,0,0,0,0,0,2,0,10,5,3,0,0,0,0,0,0,0,0,0,0,0,0,5,0,0,0,0,0,0,30
Grand Prairie,Texas,32.7459645,-96.9977846,0,0,0,0,0,0,0,0,0,0,0,0,0,0,0,5,0,0,0,0,0,0,0,0,0,0,0,0,3,0,0,0,0,0,0,0,0,0,0,0,0,0,0,0,0,0,0,0,0,0,3,0,0,21
Grand Rapids,Michigan,42.9633599,-85.6680863,0,0,3,0,0,3,0,0,3,0,0,0,0,0,0,5,0,0,0,0,0,0,0,2,7,0,0,0,0,0,0,10,2,2,3,2,0,0,0,3,0,0,3,0,0,3,5,0,0,0,0,0,0,56
Great Falls,Montana,47.50806,-111.295197,0,0,0,0,0,0,0,0,0,0,0,0,0,0,0,5,0,0,0,0,0,0,0,0,0,0,0,0,0,2,0,10,0,0,0,0,0,0,0,0,0,0,0,0,0,0,5,0,0,0,0,0,0,22
Green Bay,Wisconsin,44.519159,-88.019826,3,0,0,3,0,0,3,0,0,0,0,12,0,0,0,5,0,0,2,0,0,0,0,0,0,0,0,0,3,0,0,10,1,1,0,2,0,0,0,0,0,0,0,0,0,0,0,0,0,0,3,21,0,48
Greensboro,North Carolina,36.0726354,-79.7919754,0,0,0,0,0,0,0,0,0,0,0,0,0,0,0,5,4,2,2,0,0,0,0,0,7,0,3,3,0,0,0,10,3,1,0,0,2,0,0,0,0,0,0,0,0,0,0,0,3,3,0,6,6,42
Guerneville (Sonoma County),California,38.5018575,-122.9961102,3,0,0,3,0,0,3,0,0,12,0,12,0,0,0,5,4,2,2,2,0,0,0,2,7,0,3,0,0,2,8,10,2,2,3,2,0,3,0,0,3,0,0,3,0,0,0,0,3,0,0,48,0,89
Gulfport,Mississippi,30.3674198,-89.0928155,0,0,0,0,0,0,0,0,0,0,0,0,0,0,0,0,0,0,0,0,0,0,0,0,0,0,0,0,0,0,0,10,0,0,0,0,0,0,0,0,0,0,0,0,0,0,0,0,0,0,0,0,0,10
Harrisburg,Pennsylvania,40.2737002,-76.8844179,0,0,3,0,0,3,0,0,3,0,0,0,0,12,0,5,4,2,2,2,0,0,0,0,7,0,0,0,0,0,0,10,1,1,3,2,0,0,0,3,0,0,3,0,0,3,5,2,0,0,0,0,0,76
Hartford,Connecticut,41.7637111,-72.6850932,3,0,0,3,0,0,3,0,0,12,0,0,0,12,0,5,4,2,2,2,4,0,0,2,7,5,3,0,3,2,0,10,5,3,3,0,0,3,0,0,3,0,0,3,0,0,5,2,3,0,3,36,0,99
Helena,Montana,46.5958056,-112.0270306,0,0,3,0,0,3,0,0,3,0,0,0,0,0,0,5,4,2,0,0,0,0,0,0,0,0,0,0,3,0,0,10,0,2,0,0,0,0,0,3,0,0,3,0,0,3,5,0,0,0,0,0,0,48
Henderson,Nevada,36.0395247,-114.9817213,3,0,0,3,0,0,3,0,0,0,0,12,0,0,0,5,4,2,2,0,0,0,0,0,0,0,0,0,0,2,0,10,0,0,0,0,0,3,0,0,3,0,0,3,0,0,0,0,0,0,0,30,0,55
Hialeah,Florida,25.8575963,-80.2781057,0,3,0,0,3,0,0,3,0,0,0,0,12,0,0,5,0,0,0,2,0,0,0,0,7,0,0,3,0,0,0,10,0,0,0,0,0,0,0,0,0,0,0,0,0,0,5,2,0,3,0,0,27,58
Hilo (Hawaii County),Hawaii,19.7297222,-155.09,3,0,0,3,0,0,3,0,0,0,12,0,0,0,0,5,4,2,2,0,0,0,0,0,0,0,3,0,0,0,0,0,5,2,0,0,0,3,0,0,3,0,0,3,0,0,5,0,3,0,0,36,0,61
Hollywood,Florida,26.0112014,-80.1494901,0,3,0,0,3,0,0,3,0,0,0,0,12,0,0,0,4,2,2,0,0,0,0,0,0,0,0,3,0,0,0,10,0,0,0,0,0,0,3,0,0,3,0,0,3,0,0,0,0,3,0,0,36,54
Honolulu,Hawaii,21.3069444,-157.8583333,3,0,0,3,0,0,3,0,0,0,12,0,0,0,0,5,0,0,0,0,0,0,0,0,7,0,3,0,0,2,0,0,5,2,0,2,0,3,0,0,3,0,0,3,0,0,5,0,3,0,0,36,0,72
Houston,Texas,29.7601927,-95.3693896,0,0,0,0,0,0,0,0,0,0,0,0,0,0,0,5,0,0,0,2,0,0,0,0,7,0,0,0,3,2,8,10,5,3,3,2,2,0,0,0,0,0,0,0,0,0,5,2,0,0,3,0,0,63
Huntington,West Virginia,38.4192496,-82.445154,0,0,0,0,0,0,0,0,0,0,0,0,0,0,0,0,0,0,0,0,0,0,0,0,7,0,0,3,0,0,0,0,0,0,0,0,0,0,0,0,0,0,0,0,0,0,0,0,0,3,0,0,6,13
Huntington Beach,California,33.660297,-117.9992265,3,0,0,3,0,0,3,0,0,12,0,12,0,0,0,5,4,2,2,0,0,0,0,0,7,0,3,0,0,0,4,10,3,0,3,0,0,3,0,0,3,0,0,3,0,0,0,0,3,0,0,48,0,76
Huntsville,Alabama,34.7303688,-86.5861037,0,0,0,0,0,0,0,0,0,0,0,0,0,0,0,0,0,0,0,0,0,0,0,0,7,0,0,0,0,0,0,0,0,0,0,0,0,0,0,0,0,0,0,0,0,0,0,0,0,0,0,0,0,17
Indianapolis,Indiana,39.768403,-86.158068,0,3,3,0,3,3,0,3,3,0,0,0,0,0,0,5,4,4,2,0,0,0,0,2,0,0,0,0,0,0,8,10,4,3,3,0,0,0,3,3,0,3,3,0,3,3,5,0,0,0,0,0,18,68
Iowa City,Iowa,41.6611277,-91.5301683,3,0,3,3,0,3,3,0,3,12,0,0,0,12,0,5,4,2,2,2,4,0,0,2,7,5,3,0,3,2,0,0,0,0,0,2,0,3,0,3,3,0,3,3,0,3,5,2,3,0,3,36,0,90
Irvine,California,33.6839473,-117.7946942,3,0,0,3,0,0,3,0,0,12,0,12,0,0,0,0,4,2,2,0,0,0,0,0,0,0,3,0,0,0,0,10,0,0,0,0,0,3,0,0,3,0,0,3,0,0,0,0,3,0,0,48,0,54
Irving,Texas,32.8140177,-96.9488945,0,3,0,0,0,0,0,0,0,0,0,0,0,0,0,0,0,0,0,0,0,0,0,0,0,0,0,0,0,0,0,0,0,0,0,0,0,0,3,0,0,0,0,0,0,0,0,0,0,0,0,0,6,16
Jackson,Mississippi,32.2987573,-90.1848103,0,0,0,0,0,0,0,0,0,0,0,0,0,0,0,0,0,0,0,0,0,0,0,0,7,0,0,0,3,2,0,0,1,1,0,0,0,0,0,0,0,0,0,0,0,0,0,0,0,0,3,0,0,17
Jacksonville,Florida,30.3321838,-81.655651,0,0,0,0,0,0,0,0,0,0,0,0,0,0,0,0,0,0,0,0,0,0,0,0,7,0,0,3,0,2,0,10,2,1,0,0,0,0,0,0,0,0,0,0,0,0,0,0,0,0,0,0,3,25
Jefferson City,Missouri,38.5767017,-92.1735164,0,0,0,0,0,0,0,0,0,0,0,0,0,0,0,0,0,0,0,0,0,0,0,2,0,0,0,0,0,0,0,10,0,0,0,0,0,0,0,0,0,0,0,0,0,0,0,0,0,0,0,0,0,12
Jersey City,New Jersey,40.7281575,-74.0776417,3,0,0,3,0,0,3,0,0,0,12,0,0,0,0,5,4,2,2,2,0,0,2,2,7,5,3,0,0,2,8,10,5,3,3,2,0,3,0,0,3,0,0,3,0,0,5,2,3,0,0,36,0,100
Juneau,Alaska,58.3019444,-134.4197222,0,0,0,0,0,0,0,0,0,0,0,0,0,0,0,0,4,2,2,0,0,0,0,0,7,0,0,0,3,0,0,0,2,0,3,0,0,0,0,0,0,0,0,0,0,0,0,0,0,0,0,0,0,23
Kansas City,Kansas,39.114053,-94.6274636,0,0,0,0,0,0,0,0,0,0,0,0,0,0,0,0,0,0,0,0,0,0,0,0,0,0,0,0,0,0,0,0,0,0,0,0,0,0,0,0,0,0,0,0,0,0,0,0,0,0,0,0,0,0
Kansas City,Missouri,39.0997265,-94.5785667,0,0,3,0,0,3,0,0,3,0,0,0,12,12,0,5,4,2,0,2,0,0,0,0,7,5,0,0,3,2,8,10,5,3,3,2,0,0,0,3,0,0,3,0,0,3,5,2,0,0,3,0,12,100
Kingston (Town of South Kingstown),Rhode Island,41.4803791,-71.5225598,3,0,0,3,0,0,3,0,0,12,0,0,0,0,0,5,4,2,2,2,0,0,0,0,0,0,0,0,3,0,0,0,0,0,0,0,0,3,0,0,3,0,0,3,0,0,5,2,0,0,3,30,0,58
Knoxville,Tennessee,35.9606384,-83.9207392,0,0,0,0,0,0,0,0,0,0,0,0,0,0,0,5,0,0,0,0,0,0,0,2,0,0,0,3,0,0,0,10,5,3,0,2,0,0,0,0,0,0,0,0,0,0,5,0,0,3,0,0,6,38
Lambertville,New Jersey,40.3659394,-74.9429448,3,0,0,3,0,0,3,0,0,0,12,0,0,0,0,5,4,2,2,2,0,0,0,0,0,0,3,0,3,0,0,10,5,0,3,0,0,3,0,0,3,0,0,3,0,0,5,2,3,0,3,36,0,76
Lancaster,California,34.6867846,-118.1541632,3,0,0,3,0,0,3,0,0,12,0,12,0,0,0,5,4,2,2,2,0,0,0,2,7,0,3,3,0,0,0,10,0,0,0,2,0,3,0,0,3,0,0,3,0,0,5,2,3,3,0,48,6,87
Lansing,Michigan,42.732535,-84.5555347,0,0,3,0,0,3,0,0,3,0,0,0,0,0,0,5,0,0,0,0,0,0,0,0,7,0,0,3,3,0,8,0,3,2,3,2,2,0,0,3,0,0,3,0,0,3,0,0,0,0,3,0,3,66
Laramie,Wyoming,41.3113669,-105.5911007,0,0,0,0,0,0,0,0,0,0,0,0,0,0,0,0,0,0,0,0,0,0,0,0,0,0,0,0,0,0,0,0,0,0,0,0,0,0,0,0,0,0,0,0,0,0,0,0,0,0,0,0,0,10
Laredo,Texas,27.506407,-99.5075421,0,0,0,0,0,0,0,0,0,0,0,0,0,0,0,0,0,0,0,0,0,0,0,0,0,0,0,0,0,2,0,0,0,0,0,0,0,0,0,0,0,0,0,0,0,0,0,0,0,0,0,0,0,2
Las Cruces,New Mexico,32.3199396,-106.7636538,3,0,0,3,0,3,3,0,3,0,0,0,0,0,0,5,4,2,2,0,0,0,0,2,0,0,3,0,0,0,0,0,3,0,0,0,0,3,0,0,3,0,3,3,0,3,5,0,0,0,0,21,0,44
Las Vegas,Nevada,36.114646,-115.172816,3,0,0,3,0,0,3,0,0,0,0,12,0,0,0,5,4,2,2,2,0,0,4,0,0,5,0,0,3,2,8,10,2,0,0,2,0,3,0,0,3,0,0,3,0,0,5,2,0,0,3,30,0,91
Lawrence,Kansas,38.9716689,-95.2352501,0,0,3,0,0,3,0,0,3,0,0,0,0,12,0,0,0,0,0,0,0,0,0,0,7,0,0,0,0,0,0,10,5,3,0,0,0,0,0,3,0,0,3,0,0,3,0,0,0,0,0,0,0,55
Lewiston,Maine,44.100351,-70.2147764,3,0,0,3,0,0,3,0,0,12,0,0,0,0,0,5,4,2,2,0,0,0,0,0,0,0,3,0,3,0,0,10,0,0,0,0,0,3,0,0,3,0,0,3,0,0,0,0,3,0,0,36,0,59
Lexington,Kentucky,38.0405837,-84.5037164,0,0,3,0,0,3,0,0,3,0,0,0,0,0,0,0,0,0,0,0,0,0,0,2,7,0,0,3,0,2,0,10,3,0,3,2,0,0,0,3,0,0,3,0,0,3,0,0,0,3,0,0,6,53
Lincoln,Nebraska,40.806862,-96.681679,0,0,0,0,0,0,0,0,0,0,0,0,0,0,0,5,0,0,0,0,0,0,0,0,7,5,0,0,0,2,8,10,4,3,0,2,0,0,0,0,0,0,0,0,0,0,0,0,0,0,0,0,0,46
Little Rock,Arkansas,34.7464809,-92.2895948,0,0,0,0,0,0,0,0,0,0,0,0,0,0,0,5,0,0,0,0,0,0,0,0,0,0,0,0,0,0,0,0,1,0,3,2,0,0,0,0,0,0,0,0,0,0,0,0,0,0,0,0,0,21
Long Beach,California,33.768321,-118.1956168,3,0,3,3,0,0,3,0,0,12,0,12,0,0,0,5,4,2,2,2,4,0,0,2,7,5,3,3,0,2,8,10,5,3,3,2,0,3,0,0,3,0,0,3,0,0,5,2,3,3,0,48,6,100
Los Angeles,California,34.0522342,-118.2436849,3,3,3,3,3,3,3,3,3,12,0,12,12,12,0,5,4,2,2,2,4,0,0,0,7,5,3,3,0,2,8,10,5,3,3,2,0,3,3,3,3,3,3,3,3,3,5,0,3,3,0,48,36,100
Louisville,Kentucky,38.2526647,-85.7584557,0,3,3,0,3,3,0,3,3,0,0,0,0,0,0,0,4,0,0,0,0,0,0,0,7,0,0,0,0,2,8,0,4,2,3,2,0,0,3,3,0,3,3,0,3,3,0,0,0,0,0,0,18,50
Lubbock,Texas,33.5778631,-101.8551665,0,0,0,0,0,0,0,0,0,0,0,0,0,0,0,5,0,0,0,0,0,0,0,0,0,0,0,0,0,0,0,0,0,0,0,0,0,0,0,0,0,0,0,0,0,0,0,0,0,0,0,0,0,5
Madison,Wisconsin,43.0730517,-89.4012302,3,3,3,3,3,3,3,3,3,0,0,12,12,12,0,5,4,2,2,0,4,0,0,0,7,0,0,0,3,2,8,10,5,3,3,2,2,0,3,3,0,3,3,0,3,3,5,0,0,0,3,21,30,100
Manchester,New Hampshire,42.9956397,-71.4547891,3,0,0,3,0,0,3,0,0,12,0,0,0,0,0,5,4,2,0,0,0,0,0,0,7,0,3,0,3,2,0,10,0,0,0,0,0,0,0,0,0,0,0,0,0,0,0,0,3,0,3,27,0,57
Manoa (Honolulu),Hawaii,21.3159023,-157.8033266,3,0,0,3,0,0,3,0,0,0,12,0,0,0,0,5,0,0,0,0,0,0,0,0,7,0,3,0,0,2,0,0,5,2,0,2,0,3,0,0,3,0,0,3,0,0,5,0,3,0,0,36,0,64
Memphis,Tennessee,35.1495343,-90.0489801,0,0,0,0,0,0,0,0,0,0,0,0,0,0,0,5,0,0,2,0,0,0,0,0,0,0,0,0,3,2,4,10,0,2,0,2,2,0,0,0,0,0,0,0,0,0,5,0,0,0,3,0,0,40
Meridian,Idaho,43.6121087,-116.3915131,0,0,0,0,0,0,0,0,0,0,0,0,0,0,0,5,0,0,0,0,0,0,0,0,0,0,0,0,0,0,0,0,3,0,0,0,0,0,0,0,0,0,0,0,0,0,5,0,0,0,0,0,0,13
Mesa,Arizona,33.4151843,-111.8314724,0,0,0,0,0,0,0,0,0,0,0,0,0,0,0,0,0,0,0,0,0,0,0,2,7,5,0,0,3,0,8,10,3,1,0,2,0,0,0,0,0,0,0,0,0,0,0,0,0,0,0,0,0,41
Miami,Florida,25.7889689,-80.2264393,0,3,0,0,3,0,0,3,0,0,0,0,12,0,0,5,4,2,2,0,0,0,0,0,7,0,0,3,0,2,0,10,3,0,3,2,0,0,0,0,0,0,0,0,0,0,0,0,0,3,0,0,27,67
Miami Beach,Florida,25.790654,-80.1300455,0,0,3,0,0,3,0,0,3,0,0,0,12,12,0,5,4,2,2,2,4,3,0,2,7,5,0,3,0,2,4,10,5,3,3,2,0,0,0,3,0,0,3,0,0,3,0,2,0,3,0,0,18,100
Miami Shores,Florida,25.8631515,-80.1928253,0,3,0,0,3,0,0,3,0,0,0,0,12,0,0,0,4,0,2,0,0,0,0,0,0,0,0,3,0,0,0,10,2,1,3,0,0,0,0,0,0,0,0,0,0,0,0,0,0,3,0,0,27,56
Milwaukee,Wisconsin,43.0389025,-87.9064736,3,0,3,3,0,3,3,0,3,0,0,12,0,0,0,5,4,0,0,2,0,0,0,2,7,0,0,0,0,2,8,10,4,3,0,2,2,0,0,3,0,0,3,0,0,3,5,2,0,3,0,21,3,91
Minneapolis,Minnesota,44.983334,-93.26667,3,0,3,3,0,3,3,0,3,12,0,0,0,12,0,5,0,0,2,2,4,0,4,0,7,5,0,0,0,2,8,10,5,3,3,2,2,3,0,3,3,0,3,3,0,3,5,2,0,0,0,30,0,100
Missoula,Montana,46.8605189,-114.019501,0,0,3,0,0,3,0,0,3,0,0,0,0,12,0,5,4,2,2,2,0,0,2,2,0,5,0,0,3,2,8,10,5,3,3,2,0,0,0,3,0,0,3,0,0,3,5,2,0,0,3,0,0,100
Mobile,Alabama,30.6943566,-88.0430541,0,0,0,0,0,0,0,0,0,0,0,0,0,0,0,0,0,0,0,0,0,0,0,0,7,0,0,0,0,0,0,10,2,0,0,2,0,0,0,0,0,0,0,0,0,0,0,0,0,0,0,0,0,21
Modesto,California,37.6390972,-120.9968782,3,0,0,3,0,0,3,0,0,12,0,12,0,0,0,5,4,0,2,0,0,0,0,0,7,0,3,0,0,0,0,10,0,0,0,0,0,3,0,0,3,0,0,3,0,0,0,0,3,0,0,48,0,58
Montgomery,Alabama,32.3668052,-86.2999689,0,0,0,0,0,0,0,0,0,0,0,0,0,0,0,5,0,0,0,0,0,0,0,0,0,0,0,0,0,0,0,10,0,0,0,0,0,0,0,0,0,0,0,0,0,0,0,0,0,0,0,0,0,15
Montpelier,Vermont,44.2600593,-72.5753869,3,0,0,3,0,0,3,0,0,12,0,0,0,0,0,5,4,2,2,0,0,0,0,0,0,0,3,0,3,0,0,10,4,0,0,0,0,3,0,0,3,0,0,3,0,0,5,0,3,0,0,36,0,68
Moreno Valley,California,33.9424658,-117.2296717,3,0,0,3,0,0,3,0,0,12,0,12,0,0,0,5,4,2,2,0,0,0,0,0,0,0,3,3,0,0,0,10,0,0,0,0,0,3,0,0,3,0,0,3,0,0,5,0,3,3,0,48,6,64
Morgantown,West Virginia,39.629526,-79.9558968,0,0,3,0,0,3,0,0,3,0,0,0,0,0,0,5,0,0,2,2,0,0,0,0,7,0,0,3,0,0,0,10,0,0,0,0,0,0,0,3,0,0,3,0,0,3,5,2,0,3,0,0,6,57
Nampa,Idaho,43.5407172,-116.5634624,0,0,0,0,0,0,0,0,0,0,0,0,0,0,0,5,0,0,0,2,0,0,0,0,0,0,0,0,0,0,0,10,0,0,0,0,0,0,0,0,0,0,0,0,0,0,5,2,0,0,0,0,0,24
Nashua,New Hampshire,42.7653662,-71.467566,3,0,0,3,0,0,3,0,0,12,0,0,0,0,0,5,4,2,0,0,0,0,0,0,0,0,3,0,0,0,0,10,0,0,0,0,0,0,0,0,0,0,0,0,0,0,0,0,3,0,0,27,0,48
Nashville,Tennessee,36.1666667,-86.7833333,0,0,0,0,0,0,0,0,0,0,0,0,0,0,0,5,0,0,0,2,0,0,0,2,7,5,0,0,3,2,0,10,5,3,3,2,2,0,0,0,0,0,0,0,0,0,5,2,0,0,3,0,0,61
New Brunswick,New Jersey,40.4862157,-74.4518188,3,0,0,3,0,0,3,0,0,0,12,0,0,0,0,5,4,2,2,0,0,0,4,2,7,0,3,3,3,0,0,10,0,0,0,0,0,3,0,0,3,0,0,3,0,0,5,0,3,3,3,36,6,77
New Haven,Connecticut,41.308274,-72.9278835,3,0,0,3,0,3,3,0,3,12,0,0,0,0,0,5,4,2,2,2,4,0,0,0,7,5,3,0,0,2,8,10,5,3,3,0,0,3,0,0,3,0,3,3,0,3,5,2,3,0,0,36,0,100
New Hope,Pennsylvania,40.3642728,-74.9512785,0,0,3,0,0,3,0,0,3,0,0,0,0,12,0,5,4,2,0,0,0,0,0,2,7,5,0,0,3,2,8,0,5,3,3,2,0,0,0,3,0,0,3,0,0,3,5,0,0,0,3,0,0,89
New Orleans,Louisiana,29.9510658,-90.0715323,0,0,3,0,0,3,0,0,3,0,0,0,0,12,0,5,4,0,0,0,0,0,0,2,7,5,0,0,3,2,8,10,3,1,3,0,0,0,0,3,0,0,3,0,0,3,5,0,0,0,3,0,0,91
New York,New York,40.7143528,-74.0059731,3,0,3,3,0,3,3,0,3,12,0,0,0,12,0,5,4,2,2,2,2,0,4,2,7,5,3,0,3,2,8,10,4,3,3,2,0,0,0,3,0,0,3,0,0,3,5,0,3,0,3,27,0,100
Newark,Delaware,39.6837226,-75.7496572,3,0,0,3,0,0,3,0,0,12,0,0,0,0,0,5,0,0,0,0,0,0,0,0,0,0,0,0,0,0,0,10,0,0,0,0,2,3,0,0,3,0,0,3,0,0,5,0,0,0,0,30,0,52
Newark,New Jersey,40.735657,-74.1723667,3,0,0,3,0,0,3,0,0,0,12,0,0,0,0,5,4,2,2,2,0,0,0,0,0,5,3,0,3,0,0,10,5,3,0,2,0,3,0,0,3,0,0,3,0,0,0,0,3,0,3,36,0,76
Newport News,Virginia,37.0870821,-76.4730122,0,0,0,0,0,0,0,0,0,0,0,0,0,0,0,0,0,0,0,0,0,0,0,0,7,0,0,0,3,0,0,10,0,0,0,0,0,0,0,0,0,0,0,0,0,0,0,0,0,0,0,0,0,20
Norfolk,Virginia,36.8507689,-76.2858726,0,0,0,0,0,0,0,0,0,0,0,0,0,0,0,0,0,0,0,0,0,0,0,0,0,0,0,0,0,2,0,10,0,0,0,0,0,0,0,0,0,0,0,0,0,0,0,0,0,0,0,0,0,12
Norman,Oklahoma,35.2225668,-97.4394777,0,0,0,0,0,0,0,0,0,0,0,0,0,0,0,5,0,0,0,0,0,0,0,0,7,0,0,0,0,0,0,10,3,1,2,0,0,0,0,0,0,0,0,0,0,0,5,0,0,0,0,0,0,33
North Charleston,South Carolina,32.8546197,-79.9748103,0,0,0,0,0,3,0,0,3,0,0,0,0,0,0,5,0,0,0,0,0,0,0,2,0,5,0,3,0,0,0,10,3,0,3,2,0,0,0,0,0,0,3,0,0,3,5,0,0,3,0,0,6,47
North Druid Hills (DeKalb County),Georgia,33.816771,-84.3132574,0,0,0,0,0,0,0,0,0,0,0,0,0,0,0,5,4,0,0,0,0,0,0,0,0,0,0,3,0,0,0,0,0,0,0,0,0,0,0,0,0,0,0,0,0,0,0,0,0,3,0,0,6,15
North Las Vegas,Nevada,36.1988592,-115.1175013,3,0,0,3,0,0,3,0,0,0,0,12,0,0,0,5,4,2,2,0,0,0,0,0,0,0,0,0,0,0,0,10,0,0,0,0,0,3,0,0,3,0,0,3,0,0,0,0,0,0,0,30,0,53
North Little Rock,Arkansas,34.769536,-92.2670941,0,0,0,0,0,0,0,0,0,0,0,0,0,0,0,0,0,0,0,0,0,0,0,0,7,0,0,0,0,0,0,0,0,0,0,0,0,0,0,0,0,0,0,0,0,0,0,0,0,0,0,0,0,17
Northampton,Massachusetts,42.3250896,-72.6412013,3,0,3,3,0,3,3,0,3,12,0,0,0,0,0,5,4,2,2,0,0,0,0,0,7,0,0,0,3,2,0,10,5,2,3,2,0,3,0,3,3,0,3,3,0,3,0,0,0,0,3,30,0,80
Northwest Harbor,New York,41.0098216,-72.2211911,3,3,0,3,3,0,3,3,0,12,0,0,12,0,0,5,0,0,0,2,0,0,0,0,0,0,3,0,0,0,0,0,0,0,0,0,0,0,3,0,0,3,0,0,3,0,5,2,3,0,0,27,30,60
Oakland,California,37.8043637,-122.2711137,3,0,3,3,0,3,3,0,3,12,0,12,0,12,0,5,4,2,2,0,4,0,0,2,0,5,3,0,0,2,8,10,5,2,3,2,0,3,0,3,3,0,3,3,0,3,0,0,3,0,0,48,0,92
Oakland Park,Florida,26.1723065,-80.1319893,0,3,0,0,3,0,0,3,0,0,0,0,12,0,0,5,4,2,2,2,4,0,0,0,0,0,0,3,0,0,0,10,5,3,3,2,0,0,3,0,0,3,0,0,3,0,5,2,0,3,0,0,36,85
Ocean Grove,New Jersey,40.2120575,-74.0065258,3,0,0,3,0,0,3,0,0,0,12,0,0,0,0,5,4,2,0,0,0,0,0,0,7,0,3,0,3,0,0,10,5,0,3,0,0,3,0,0,3,0,0,3,0,0,5,0,3,0,3,36,0,77
Oceanside,California,33.1958696,-117.3794834,3,0,0,3,0,0,3,0,0,12,0,12,0,0,0,0,4,2,2,0,0,0,0,0,0,0,3,0,0,0,0,10,5,0,0,0,0,3,0,0,3,0,0,3,0,0,0,0,3,0,0,48,0,59
Oklahoma City,Oklahoma,35.4675602,-97.5164276,0,0,0,0,0,0,0,0,0,0,0,0,0,0,0,5,0,0,0,0,0,0,0,0,0,0,0,0,3,0,0,10,2,3,0,2,0,0,0,0,0,0,0,0,0,0,0,0,0,0,3,0,0,28
Olympia,Washington,47.0378741,-122.9006951,3,0,0,3,3,3,3,3,3,12,0,0,12,0,0,5,4,2,0,0,4,0,0,0,0,0,3,3,3,0,0,10,3,1,0,2,0,3,0,0,3,0,3,3,0,3,0,0,3,3,3,36,24,67
Omaha,Nebraska,41.2523634,-95.9979883,0,0,3,0,0,0,0,0,0,0,0,0,0,0,0,5,4,0,0,2,0,0,0,0,7,0,0,0,3,0,4,10,4,3,3,2,0,0,0,3,0,0,0,0,0,0,0,2,0,0,3,0,0,64
Ontario,California,34.0633443,-117.6508876,3,0,0,3,0,0,3,0,0,12,0,12,0,0,0,5,4,2,2,0,0,0,4,2,0,0,3,0,0,0,0,10,0,0,0,0,0,3,0,0,3,0,0,3,0,0,0,0,3,0,0,48,0,65
Orlando,Florida,28.5383355,-81.3792365,0,3,3,0,3,3,0,3,3,0,0,0,12,0,0,5,4,2,2,0,0,0,0,0,7,0,0,3,0,2,0,10,5,3,3,0,0,0,3,0,0,3,0,0,3,0,0,0,0,3,0,0,36,79
Orono,Maine,44.8831125,-68.6719411,3,0,3,3,0,3,3,0,3,12,0,0,0,0,0,0,4,2,2,0,0,0,0,2,7,0,3,0,0,0,0,0,0,0,0,0,0,3,0,0,3,0,0,3,0,0,0,0,3,0,0,36,0,47
Overland Park,Kansas,38.9822282,-94.6707917,0,0,0,0,0,0,0,0,0,0,0,0,0,0,0,5,0,0,0,0,0,0,0,0,7,0,0,0,0,0,0,10,0,0,0,0,0,0,0,0,0,0,0,0,0,0,5,0,0,0,0,0,0,27
Oxnard,California,34.1975048,-119.1770516,3,0,0,3,0,0,3,0,0,12,0,12,0,0,0,0,4,2,2,0,0,0,0,0,7,0,3,3,0,0,0,10,0,0,0,0,0,3,0,0,3,0,0,3,0,0,0,0,3,3,0,48,6,61
Palm Springs,California,33.8302961,-116.5452921,3,0,3,3,0,3,3,0,3,12,0,12,0,12,0,5,4,2,2,0,0,0,4,2,7,0,3,3,3,2,8,10,5,3,3,2,0,3,0,3,3,0,3,3,0,3,5,0,3,3,0,48,6,100
Paradise (Clark County),Nevada,36.0971945,-115.1466648,3,0,0,3,0,0,3,0,0,0,0,12,0,0,0,5,4,2,2,2,0,0,0,2,0,0,0,3,0,2,8,10,5,1,0,2,2,3,0,0,3,0,0,3,0,0,5,2,0,3,0,30,6,90
Parkersburg,West Virginia,39.2667418,-81.5615135,0,0,0,0,0,0,0,0,0,0,0,0,0,0,0,0,0,0,0,0,0,0,0,0,0,0,0,3,0,0,0,10,0,0,0,0,0,0,0,0,0,0,0,0,0,0,0,0,0,3,0,0,6,16
Pasadena,California,34.1477849,-118.1445155,3,0,0,3,0,0,3,0,0,12,0,12,0,0,0,5,4,2,0,0,0,0,0,0,7,0,3,3,3,2,0,0,5,0,3,0,0,3,0,0,3,0,0,3,0,0,0,0,3,3,0,48,6,74
Paterson,New Jersey,40.9167654,-74.171811,3,0,0,3,0,0,3,0,0,0,12,0,0,0,0,5,0,0,0,2,0,0,0,0,0,0,3,0,3,0,0,10,0,0,0,0,0,3,0,0,3,0,0,3,0,0,5,2,3,0,3,36,0,60
Pearl City (Honolulu),Hawaii,21.3972222,-157.9733333,3,0,0,3,0,0,3,0,0,0,12,0,0,0,0,5,0,0,0,0,0,0,0,0,7,0,3,0,0,2,0,0,5,2,0,2,0,3,0,0,3,0,0,3,0,0,5,0,3,0,0,36,0,64
Pembroke Pines,Florida,26.0122378,-80.3152233,0,3,0,0,3,0,0,3,0,0,0,0,12,0,0,0,0,0,0,0,0,0,0,0,0,0,0,3,0,0,0,0,5,2,0,0,0,0,3,0,0,3,0,0,3,0,0,0,0,3,0,0,36,43
Philadelphia,Pennsylvania,39.952335,-75.163789,0,0,3,0,0,3,0,0,3,0,0,0,0,12,0,5,4,2,2,2,4,0,4,2,7,5,0,0,3,2,8,10,5,3,3,2,0,0,0,3,0,0,3,0,0,3,5,2,0,0,3,0,0,100
Phoenix,Arizona,33.4483771,-112.0740373,0,0,3,0,0,3,0,0,3,0,0,0,0,12,0,5,4,2,2,2,0,0,0,2,7,5,0,0,3,2,8,10,5,3,3,2,0,0,0,3,0,0,3,0,0,3,5,2,0,0,3,0,0,100
Pierre,South Dakota,44.3683156,-100.3509665,0,0,0,0,0,0,0,0,0,0,0,0,0,0,0,0,0,0,0,0,0,0,0,0,0,0,0,0,3,0,0,10,0,0,0,0,0,0,0,0,0,0,0,0,0,0,0,0,0,0,0,0,0,13
Pittsburgh,Pennsylvania,40.4406248,-79.9958864,0,3,3,0,3,3,0,3,3,0,0,0,0,12,0,5,4,2,0,0,0,0,0,0,7,5,0,0,3,0,0,10,3,0,3,0,0,0,3,0,0,3,0,0,3,0,0,0,0,0,0,0,18,72
Plano,Texas,33.0198431,-96.6988856,0,0,0,0,0,0,0,0,0,0,0,0,0,0,0,0,0,0,0,0,0,0,0,0,0,0,0,0,0,0,0,10,2,0,0,2,0,0,0,0,0,0,0,0,0,0,0,0,0,0,0,0,0,14
Pleasant Ridge,Michigan,42.471147,-83.1421482,0,0,3,0,0,3,0,0,3,0,0,0,0,0,0,5,0,0,0,2,0,0,0,0,0,0,0,3,0,2,0,0,5,3,3,2,0,0,0,3,0,0,3,0,0,3,5,2,0,0,0,0,3,60
Port Saint Lucie,Florida,27.2758333,-80.355,0,0,0,0,0,0,0,0,0,0,0,0,0,0,0,0,0,0,0,0,0,0,0,0,0,0,0,0,0,0,0,0,0,0,0,0,0,0,0,0,0,0,0,0,0,0,0,0,0,0,0,0,0,0
Portland,Maine,43.661471,-70.2553259,3,0,3,3,0,3,3,0,3,12,0,0,0,12,0,5,4,2,2,2,4,0,0,2,0,0,3,0,3,2,8,10,5,3,0,2,0,3,0,0,3,0,0,3,0,0,0,2,3,0,0,36,0,89
Portland,Oregon,45.5234515,-122.6762071,3,3,3,3,0,3,3,0,3,0,0,12,0,0,0,5,4,2,2,2,4,0,4,2,7,0,3,0,0,2,8,10,5,3,3,2,0,3,3,3,3,0,3,3,0,3,5,2,3,0,0,36,6,100
Providence,Rhode Island,41.8239891,-71.4128343,3,0,3,3,0,3,3,0,3,12,0,0,0,0,0,5,4,2,0,0,0,0,0,0,7,0,0,0,3,2,0,10,5,3,0,2,0,3,0,0,3,0,0,3,0,0,5,0,0,0,3,30,0,81
Provincetown,Massachusetts,42.0584412,-70.1786425,3,0,0,3,0,0,3,0,0,12,0,0,0,0,0,5,4,2,2,2,0,0,0,2,7,0,0,0,3,2,0,10,5,0,3,2,0,3,0,0,3,0,0,3,0,0,0,0,0,0,0,30,0,76
Provo,Utah,40.2338438,-111.6585337,0,0,0,0,0,0,0,0,0,0,0,0,0,0,0,0,0,0,0,0,0,0,0,0,0,0,0,0,0,0,0,10,0,0,0,0,0,0,0,0,0,0,0,0,0,0,0,0,0,0,0,0,0,10
Raleigh,North Carolina,35.7795897,-78.6381787,0,0,0,0,0,0,0,0,0,0,0,0,0,0,0,5,0,0,0,0,0,0,0,0,7,5,3,3,0,2,0,10,3,1,0,2,2,0,0,0,0,0,0,0,0,0,0,0,3,3,0,6,6,43
Rancho Cucamonga,California,34.1063989,-117.5931084,3,0,0,3,0,0,3,0,0,12,0,12,0,0,0,5,4,2,2,0,0,0,0,0,0,0,3,0,0,0,0,10,0,0,0,0,0,3,0,0,3,0,0,3,0,0,0,0,3,0,0,48,0,59
Rancho Mirage,California,33.739744,-116.41279,3,0,0,3,0,0,3,0,0,12,0,12,0,0,0,5,4,2,2,2,0,0,0,2,0,5,3,3,3,2,8,10,5,2,3,2,0,3,0,0,3,0,0,3,0,0,0,0,3,3,3,48,6,90
Rapid City,South Dakota,44.0805434,-103.2310149,0,0,0,0,0,0,0,0,0,0,0,0,0,0,0,0,0,0,0,0,0,0,0,0,7,0,0,0,0,2,0,10,0,0,0,0,0,0,0,0,0,0,0,0,0,0,0,0,0,0,0,0,0,19
Rehoboth Beach,Delaware,38.7209454,-75.0760137,3,0,0,3,0,0,3,0,0,12,0,0,0,0,0,5,0,0,2,0,0,0,0,2,0,0,0,3,0,0,0,10,4,0,3,0,0,3,0,0,3,0,0,3,0,0,0,0,0,3,0,30,6,62
Reno,Nevada,39.5296329,-119.8138027,3,0,0,3,0,0,3,0,0,0,0,12,0,0,0,5,4,2,0,2,0,0,0,2,0,0,0,3,0,0,0,10,0,0,0,0,0,3,0,0,3,0,0,3,0,0,0,0,0,3,0,30,6,61
Richmond,California,37.9357576,-122.3477486,3,0,0,3,0,0,3,0,0,12,0,12,0,0,0,5,4,2,2,2,0,0,0,2,7,0,3,0,0,2,0,10,4,1,0,0,0,3,0,0,3,0,0,3,0,0,0,0,3,0,0,48,0,77
Richmond,Virginia,37.5407246,-77.4360481,0,0,0,0,0,0,0,0,0,0,0,0,0,0,0,5,0,0,0,0,0,0,0,0,0,0,0,0,3,2,0,10,4,2,0,2,0,0,0,0,0,0,0,0,0,0,5,0,0,0,3,0,0,36
Rio Rancho,New Mexico,35.2327544,-106.6630437,3,0,0,3,0,0,3,0,0,0,0,0,0,0,0,5,4,2,0,0,0,0,0,0,0,0,3,0,3,0,0,0,0,0,0,0,0,3,0,0,3,0,0,3,0,0,5,0,0,0,0,21,0,37
Riverside,California,33.9533487,-117.3961564,3,0,0,3,0,0,3,0,0,12,0,12,0,0,0,5,4,2,2,0,0,0,0,2,7,5,3,3,0,0,8,10,0,0,2,0,0,3,0,0,3,0,0,3,0,0,5,0,3,3,0,48,6,88
Rochester,Minnesota,44.0234,-92.46295,3,0,0,3,0,0,3,0,0,12,0,0,0,12,0,5,0,0,0,0,0,0,0,0,0,0,0,0,3,0,0,10,5,3,3,2,0,3,0,0,3,0,0,3,0,0,5,0,0,0,0,30,0,66
Rochester,New York,43.16103,-77.6109219,3,0,3,3,0,3,3,0,3,12,0,0,0,12,0,5,4,2,2,2,0,0,0,2,0,5,3,0,3,2,8,10,5,3,3,2,0,0,0,3,0,0,3,0,0,3,5,2,3,0,3,27,0,98
Rockford,Illinois,42.2711311,-89.0939952,3,0,0,3,0,0,3,0,0,0,12,0,0,0,0,5,4,2,2,0,0,0,0,0,7,0,3,3,0,0,0,10,3,0,0,0,0,3,0,0,3,0,0,3,0,0,0,0,3,3,0,36,6,69
Rockville,Maryland,39.0839973,-77.1527578,3,3,3,3,3,3,3,3,3,12,0,0,0,0,0,5,0,0,0,0,0,0,0,0,7,0,3,3,0,0,0,10,0,0,0,0,0,0,3,0,0,3,0,0,3,0,0,0,3,3,0,27,24,58
Sacramento,California,38.5815719,-121.4943996,3,0,3,3,0,3,3,0,3,12,0,12,0,12,0,5,4,2,2,0,4,0,0,2,0,5,3,0,3,0,8,10,3,1,3,2,0,3,0,0,3,0,0,3,0,0,0,0,3,0,3,48,0,91
Saint Paul,Minnesota,44.9537029,-93.0899578,3,0,3,3,0,3,3,0,3,12,0,0,0,12,0,5,0,0,0,2,0,0,4,2,7,5,0,0,3,2,8,10,5,3,3,2,0,3,0,3,3,0,3,3,0,3,5,0,0,0,0,30,0,96
Salem,Oregon,44.9428975,-123.0350963,3,0,3,3,0,3,3,0,3,0,0,12,0,0,0,5,4,2,2,2,0,0,0,0,7,5,3,0,3,0,8,10,0,1,0,2,0,3,0,3,3,0,3,3,0,3,5,2,3,0,0,36,0,91
Salt Lake City,Utah,40.7607793,-111.8910474,0,3,3,0,3,3,0,3,3,0,0,0,12,12,0,5,4,2,0,1,2,0,0,2,7,5,0,0,3,0,0,10,5,3,3,2,0,0,3,3,0,3,3,0,3,3,5,1,0,0,3,0,30,87
San Antonio,Texas,29.4241219,-98.4936282,0,0,0,0,0,3,0,0,3,0,0,0,0,0,0,5,4,2,2,2,0,0,0,2,7,5,0,0,3,2,8,10,5,3,3,2,2,0,0,0,0,0,3,0,0,3,5,2,0,0,0,0,0,86
San Bernadino,California,34.1083449,-117.2897652,3,0,0,3,0,0,3,0,0,12,0,12,0,0,0,5,0,0,2,0,0,0,0,0,7,0,3,0,0,0,0,10,0,0,0,0,0,3,0,0,3,0,0,3,0,0,0,0,3,0,0,48,0,60
San Diego,California,32.7153292,-117.1572551,3,0,3,3,0,3,3,0,3,12,0,12,0,0,0,5,4,2,2,2,4,0,0,2,7,0,3,0,0,2,8,10,5,3,3,2,0,3,0,3,3,0,3,3,0,3,5,0,3,0,0,48,0,100
San Francisco,California,37.7749295,-122.4194155,3,0,3,3,0,3,3,0,3,12,0,12,0,12,0,5,4,2,2,2,4,3,0,0,7,5,3,0,3,2,8,10,5,3,3,2,0,3,0,3,3,0,3,3,0,3,5,2,3,0,3,48,0,100
San Jose,California,37.3393857,-121.8949555,3,0,0,3,0,0,3,0,0,12,0,12,0,0,0,5,4,2,2,2,0,0,0,2,7,0,3,3,3,0,0,10,4,1,3,2,0,3,0,0,3,0,0,3,0,0,5,2,3,3,0,48,6,87
Santa Ana,California,33.7455731,-117.8678338,3,0,0,3,0,0,3,0,0,12,0,12,0,0,0,0,4,0,2,0,0,0,0,0,0,0,3,0,3,0,0,10,0,0,0,0,0,3,0,0,3,0,0,3,0,0,0,0,3,0,3,48,0,52
Santa Clarita,California,34.3916641,-118.542586,3,0,0,3,0,0,3,0,0,12,0,12,0,0,0,5,4,2,2,0,0,0,0,2,7,0,3,3,0,0,0,10,0,0,0,0,0,3,0,0,3,0,0,3,0,0,0,0,3,3,0,48,6,68
Santa Fe,New Mexico,35.6869752,-105.937799,3,0,3,3,0,3,3,0,3,0,0,0,0,0,0,5,4,2,2,2,0,0,0,2,0,5,3,0,3,2,8,10,5,3,3,2,0,3,0,0,3,0,0,3,0,0,0,2,0,0,0,21,0,78
Santa Rosa,California,38.4404674,-122.7144314,3,0,0,3,0,0,3,0,0,12,0,12,0,0,0,0,4,2,2,0,0,0,4,2,0,0,3,0,0,2,0,10,1,1,3,0,0,3,0,0,3,0,0,3,0,0,0,0,3,0,0,48,0,67
Scottsdale,Arizona,33.4941704,-111.9260519,0,0,0,0,0,0,0,0,0,0,0,0,0,0,0,5,4,2,0,0,0,0,0,0,7,0,0,0,0,0,0,0,0,0,0,0,0,0,0,0,0,0,0,0,0,0,5,0,0,0,0,0,0,23
Seattle,Washington,47.6062095,-122.3320708,3,3,3,3,3,3,3,3,3,12,0,0,0,12,0,5,4,2,2,2,4,0,4,2,7,5,3,0,3,2,8,10,5,3,3,2,0,3,3,3,3,3,3,3,3,3,5,2,3,0,3,36,18,100
Shreveport,Louisiana,32.5251516,-93.7501789,0,0,0,0,0,0,0,0,0,0,0,0,0,0,0,5,0,0,0,0,0,0,0,0,0,0,0,0,0,0,0,0,4,2,0,0,0,0,0,0,0,0,0,0,0,0,5,0,0,0,0,0,0,16
Signal Hill,California,33.8044614,-118.1678456,3,0,0,3,0,0,3,0,0,12,0,12,0,0,0,5,4,2,2,2,0,0,0,2,0,5,3,3,3,2,8,0,2,1,3,2,0,3,0,0,3,0,0,3,0,0,5,2,3,3,3,48,6,93
Sioux Falls,South Dakota,43.5499749,-96.700327,0,0,0,0,0,0,0,0,0,0,0,0,0,0,0,5,0,0,0,0,0,0,0,0,7,0,0,0,0,2,0,10,0,0,0,0,0,0,0,0,0,0,0,0,0,0,0,0,0,0,0,0,0,24
South Burlington,Vermont,44.4669941,-73.1709604,3,0,0,3,0,0,3,0,0,12,0,0,0,0,0,0,4,2,2,0,0,0,0,0,0,0,3,0,3,0,0,10,4,0,0,0,0,3,0,0,3,0,0,3,0,0,0,0,3,0,0,36,0,58
Southaven,Mississippi,34.9889818,-90.0125913,0,0,0,0,0,0,0,0,0,0,0,0,0,0,0,0,0,0,0,0,0,0,0,0,0,0,0,0,0,0,0,0,0,0,0,0,0,0,0,0,0,0,0,0,0,0,0,0,0,0,0,0,0,0
Spokane,Washington,47.6587802,-117.4260466,3,0,3,3,0,3,3,0,3,12,0,0,0,0,0,5,4,2,2,0,0,0,0,0,7,0,3,0,3,2,0,10,3,0,0,0,0,3,0,3,3,0,3,3,0,3,0,0,3,0,3,36,0,71
Springfield,Illinois,39.7817213,-89.6501481,3,0,3,3,0,3,3,0,3,0,12,0,0,0,0,5,4,2,0,0,0,0,0,2,7,0,3,0,0,0,0,10,4,3,3,2,0,3,0,3,3,0,3,3,0,3,0,0,3,0,0,36,0,78
Springfield,Massachusetts,42.1014831,-72.589811,3,0,0,3,0,0,3,0,0,12,0,0,0,0,0,5,4,2,2,0,0,0,0,2,0,0,0,0,0,0,0,10,2,0,0,2,0,3,0,0,3,0,0,3,0,0,0,0,0,0,0,30,0,56
Springfield,Missouri,37.2089572,-93.2922989,0,0,0,0,0,0,0,0,0,0,0,0,0,0,0,5,0,0,2,0,0,0,0,2,7,0,0,0,0,2,0,10,5,2,0,2,0,0,0,0,0,0,0,0,0,0,0,0,0,0,0,0,0,37
St. Louis,Missouri,38.6270025,-90.1994042,0,0,3,0,0,3,0,0,3,0,0,0,0,12,0,5,4,2,2,2,0,0,0,2,7,5,0,0,3,2,8,10,5,3,3,2,0,0,0,3,0,0,3,0,0,3,5,2,0,0,3,0,0,100
St. Petersburg,Florida,27.7730556,-82.64,0,3,0,0,3,0,0,3,0,0,0,0,0,12,0,5,4,0,0,0,0,0,0,0,7,0,0,3,0,0,0,10,5,3,3,2,0,0,0,0,0,0,0,0,0,0,0,0,0,3,0,0,15,66
Starkville,Mississippi,33.4503998,-88.8183872,0,0,0,0,0,0,0,0,0,0,0,0,0,0,0,0,0,0,0,0,0,0,0,0,0,0,0,0,0,0,0,0,0,0,0,0,0,0,0,0,0,0,0,0,0,0,0,0,0,0,0,0,0,0
Stockton,California,37.9577016,-121.2907796,3,0,0,3,0,0,3,0,0,12,0,12,0,0,0,5,4,0,2,0,0,0,0,2,0,3,3,0,0,0,8,10,2,0,0,2,0,3,0,0,3,0,0,3,0,0,0,0,3,0,0,48,0,74
Storrs (Mansfield),Connecticut,41.8084314,-72.2495231,3,0,0,3,0,0,3,0,0,12,0,0,0,0,0,5,0,0,0,0,0,0,0,0,7,0,3,3,3,0,0,10,0,0,0,0,0,3,0,0,3,0,0,3,0,0,0,0,3,3,3,36,6,58
Tacoma,Washington,47.2528768,-122.4442906,3,0,3,3,0,3,3,0,3,12,0,0,0,0,0,5,4,2,2,2,0,0,0,0,7,0,3,3,3,2,0,10,5,3,3,2,0,3,0,3,3,0,3,3,0,3,5,2,3,3,3,36,6,90
Tallahassee,Florida,30.4382559,-84.2807329,0,3,0,0,3,0,0,3,0,0,0,0,12,0,0,5,4,2,0,0,0,0,0,2,7,0,0,3,0,2,0,10,3,3,3,2,0,0,3,0,0,3,0,0,3,0,5,0,0,3,0,0,36,84
Tampa,Florida,27.950575,-82.4571776,0,0,3,0,0,3,0,0,3,0,0,0,0,12,0,5,4,2,0,0,0,0,0,2,7,0,0,3,0,2,8,10,5,3,3,2,0,0,0,3,0,0,3,0,0,3,0,0,0,3,0,0,6,89
Tempe,Arizona,33.4255104,-111.9400054,0,0,0,0,0,0,0,0,0,0,0,0,0,0,0,5,4,2,2,2,0,0,0,2,7,0,0,0,3,2,8,10,5,2,0,2,0,0,0,0,0,0,0,0,0,0,5,2,0,0,3,0,0,72
Toledo,Ohio,41.6639383,-83.555212,0,0,3,0,0,3,0,0,3,0,0,0,0,12,0,5,4,0,2,0,0,0,0,2,7,0,0,0,0,0,0,0,5,3,0,2,0,0,0,3,0,0,3,0,0,3,0,0,0,0,0,0,0,70
Topeka,Kansas,39.0558235,-95.6890185,0,0,0,0,0,0,0,0,0,0,0,0,0,0,0,5,0,0,0,0,0,0,0,0,7,0,0,0,0,0,0,0,5,2,3,0,0,0,0,0,0,0,0,0,0,0,0,0,0,0,0,0,0,32
Trenton,New Jersey,40.2170534,-74.7429384,3,0,0,3,0,0,3,0,0,0,12,0,0,0,0,5,0,0,0,0,0,0,0,0,0,0,3,0,0,2,4,10,0,0,0,0,0,3,0,0,3,0,0,3,0,0,0,0,3,0,0,36,0,57
Tucson,Arizona,32.2217429,-110.926479,0,0,3,0,0,3,0,0,3,0,0,0,0,12,0,5,4,2,2,2,0,0,0,0,7,5,0,0,3,2,0,10,4,2,3,2,0,0,0,3,0,0,3,0,0,3,5,2,0,0,0,0,0,90
Tulsa,Oklahoma,36.1539816,-95.992775,0,0,0,0,0,0,0,0,0,0,0,0,0,0,0,5,0,0,0,0,0,0,0,0,7,5,0,0,3,0,4,10,4,3,3,2,0,0,0,0,0,0,0,0,0,0,0,0,0,0,0,0,0,46
Tuscaloosa,Alabama,33.2098407,-87.5691735,0,0,0,0,0,0,0,0,0,0,0,0,0,0,0,0,0,0,0,0,0,0,0,0,0,0,0,0,0,0,0,10,0,0,0,0,0,0,0,0,0,0,0,0,0,0,0,0,0,0,0,0,0,10
University Park/State College,Pennsylvania,40.7961111,-77.8627778,0,0,3,0,0,3,0,0,3,0,0,0,0,12,0,5,4,2,2,0,0,0,0,0,7,0,0,0,3,0,0,10,3,0,0,0,0,0,0,3,0,0,3,0,0,3,0,0,0,0,3,0,0,63
Vallejo,California,38.1040864,-122.2566367,3,0,0,3,0,0,3,0,0,12,0,12,0,0,0,5,4,2,0,0,0,0,0,0,7,0,3,0,3,0,0,10,0,0,0,2,0,3,0,0,3,0,0,3,0,0,0,0,3,0,3,48,0,66
Vancouver,Washington,45.6387281,-122.6614861,3,0,0,3,0,0,3,0,0,12,0,0,0,0,0,5,0,0,2,0,0,0,0,0,7,0,3,0,3,2,0,10,2,0,0,2,0,3,0,0,3,0,0,3,0,0,0,0,3,0,3,36,0,66
Vashon (King County),Washington,47.4473204,-122.4598502,3,3,0,3,3,0,3,3,0,12,0,0,0,0,0,5,4,2,2,2,4,0,0,2,7,0,3,0,3,2,0,10,5,2,3,2,0,3,3,0,3,3,0,3,3,0,5,2,3,0,0,36,18,95
Virginia Beach,Virginia,36.8529263,-75.977985,0,0,0,0,0,0,0,0,0,0,0,0,0,0,0,5,0,0,0,0,0,0,0,0,7,0,0,0,0,0,0,10,4,2,0,2,2,0,0,0,0,0,0,0,0,0,0,0,0,0,0,0,0,32
Warren,Michigan,42.493,-83.028197,0,0,0,0,0,0,0,0,0,0,0,0,0,0,0,0,0,0,0,0,0,0,0,0,0,0,0,0,3,2,0,10,0,0,0,0,0,0,0,0,0,0,0,0,0,0,0,0,0,0,0,0,0,15
Warwick,Rhode Island,41.7001009,-71.4161671,3,0,0,3,0,0,3,0,0,12,0,0,0,0,0,5,4,2,2,0,0,0,0,0,0,0,0,0,3,0,0,10,5,3,0,2,0,3,0,0,3,0,0,3,0,0,0,0,0,0,3,30,0,69
West Hollywood,California,34.0900091,-118.3617443,3,0,3,3,0,3,3,0,3,12,0,12,0,12,0,5,4,2,2,2,4,0,0,2,7,5,3,3,0,2,4,10,5,3,3,2,0,3,0,3,3,0,3,3,0,3,5,2,3,3,0,48,6,100
West Valley City,Utah,40.6916132,-112.0010501,0,3,3,0,3,3,0,3,3,0,0,0,0,0,0,0,4,2,0,0,0,0,0,0,0,0,0,0,3,0,0,0,5,3,0,0,0,0,3,3,0,3,3,0,3,3,0,0,0,0,3,0,18,42
Wichita,Kansas,37.6888889,-97.3361111,0,0,0,0,0,0,0,0,0,0,0,0,0,0,0,5,0,0,0,0,0,0,0,2,0,0,0,0,3,0,0,10,0,0,0,2,0,0,0,0,0,0,0,0,0,0,0,0,0,0,0,0,0,22
Wilmington,Delaware,39.7458333,-75.5466667,3,0,1,3,0,3,3,0,3,12,0,0,0,0,0,5,0,0,0,0,0,0,0,0,7,0,0,0,0,0,0,10,2,0,0,0,0,3,0,0,3,0,0,3,0,0,0,0,0,0,0,30,0,54
Wilton Manors,Florida,26.1603626,-80.138934,0,3,0,0,3,0,0,3,0,0,0,0,12,0,0,5,4,0,2,2,0,0,0,2,0,0,0,3,0,0,4,10,5,0,3,2,0,0,3,0,0,3,0,0,3,0,5,2,0,3,0,0,36,82
Winston-Salem,North Carolina,36.0998596,-80.244216,0,0,0,0,0,0,0,0,0,0,0,0,0,0,0,5,0,0,0,0,0,0,0,0,7,0,3,0,0,0,0,10,1,0,0,0,0,0,0,0,0,0,0,0,0,0,5,0,3,0,0,6,0,34
Worcester,Massachusetts,42.2625932,-71.8022934,3,0,3,3,0,3,3,0,3,12,0,0,0,0,0,0,4,2,0,0,0,0,0,0,7,0,0,0,0,0,0,10,3,0,0,2,0,3,0,0,3,0,0,3,0,0,0,0,0,0,0,30,0,55
Yonkers,New York,40.9312099,-73.8987469,3,3,3,3,3,3,3,3,3,12,0,0,0,12,0,5,4,2,0,0,0,0,0,0,7,0,3,0,3,0,0,10,4,1,0,0,0,0,3,0,0,3,0,0,3,0,0,0,3,0,3,27,18,69
